tevin.mlangeni@gmail.com Tevin Mlangeni 14/02/2003 tevin.mlangeni@gmail.com Claudett Mlangeni 22/05/2000 butterb@gmail.com Tino Butter 18/02/1999 john.dpoe@gmail.com John Doe 28/06/2015 
montana@gmail.com Thuli Montana 28/10/1990 
thomson@google.co thomas Jonson 12/12/1878 
tevin.mlangeni@gmail.com Valentine Mlangeni 14/02/1993 
tevin.mlangeni@gmail.com Tevin Mlangeni 14/02/1993 
johndoe@hotmail.com Valentine Church 14/08/1998 
